Argument ID	Text	Labels
C26095	Carbon emissions trading should be limited. against No one can stop global warming, which is inherently part of the Earth's geological cycle. That's why topics such as reducing CO2 emissions are a false proposition.	[0, 0, 0, 0, 0, 0, 0, 0, 0, 0, 0, 0, 0, 1, 0, 0, 0, 0, 0, 1]
C26059	We should prohibit capital monopoly. in favor of Capital monopoly raises the barrier of entry for other enterprises and hinders the high-quality development of the national economy.	[0, 0, 0, 0, 1, 0, 0, 0, 0, 1, 0, 0, 0, 0, 0, 0, 1, 0, 0, 0]
C26004	We should abolish the 996 overtime system in favor of China's 996 overtime system violates labor laws.	[0, 0, 0, 0, 0, 0, 0, 0, 1, 1, 0, 0, 0, 0, 0, 0, 1, 0, 0, 0]
C26090	We should vigorously develop the countryside. in favor of There is a lack of employment opportunities in rural areas, as well as inadequate education, medical care and infrastructure. Therefore, we must vigorously develop the rural revitalization strategy and related industries, so that young people can return to rural areas.	[0, 0, 0, 0, 1, 0, 0, 0, 1, 1, 0, 0, 0, 0, 0, 0, 0, 0, 0, 0]
C26028	We should ban the trading of virtual currencies. against The trading of virtual currency is secretly named, so as to ensure the privacy protection of his own information content and data information, prevent the leakage of his own data, and improve the safety factor of the system software.	[0, 1, 0, 0, 0, 0, 0, 0, 0, 0, 0, 0, 0, 0, 0, 0, 0, 0, 0, 0]
C26045	We should restrict minors from playing online games. in favor of Long-term addiction to online games can change the structure of a child's brain. Imagination, thinking and integration skills are not trained.	[1, 0, 0, 0, 1, 0, 0, 0, 0, 0, 0, 0, 0, 0, 0, 0, 0, 0, 0, 0]
C26044	We should restrict minors from playing online games. against Rather than restricting minors to play games, parents should set a good example and spend more time with their children.	[0, 0, 0, 1, 0, 0, 0, 0, 0, 0, 0, 0, 0, 0, 1, 0, 0, 0, 0, 0]
C26015	We should ban the trading of virtual currencies. in favor of Cracking down on virtual currencies is not only to ensure the smooth advancement of carbon peak and carbon neutrality, but also to protect the country's financial order.	[0, 0, 0, 0, 0, 0, 1, 0, 0, 1, 0, 0, 0, 0, 0, 0, 0, 1, 0, 0]
C26052	We should open up three-child policy to encourage childbirth. in favor of The number of births is too small, which affects the overall economic growth.	[0, 0, 0, 0, 0, 0, 0, 0, 1, 0, 0, 0, 0, 0, 1, 0, 0, 0, 0, 0]
C26051	We should open up three-child policy to encourage childbirth. against No matter what the social policy is, the more the society develops, the more free people are, and the more independent women are. The decline in fertility is an inevitable trend.	[0, 1, 0, 0, 0, 0, 0, 0, 0, 1, 0, 0, 0, 0, 1, 0, 1, 0, 0, 0]
C26072	We should crack down on unreasonably high incomes. in favor of Rich people take advantage of the assets in their hands to harvest the wealth of the general public. Transfer the gold to themselves and leave the bubble to others.	[0, 0, 0, 0, 0, 0, 0, 0, 1, 0, 0, 1, 0, 0, 0, 0, 1, 0, 0, 0]
C26042	We should restrict minors from playing online games. against Instead of banning games, it might be better to increase young people's awareness of life and society, and to promote self-awareness and active thinking among students.	[1, 0, 0, 0, 1, 0, 0, 0, 0, 0, 0, 0, 0, 0, 1, 0, 0, 0, 0, 0]
C26061	We should prohibit capital monopoly. in favor of Anti-capital monopoly prevents operators from abusing their dominant market position.	[0, 0, 0, 0, 0, 0, 0, 0, 0, 0, 0, 1, 0, 0, 0, 1, 1, 0, 0, 0]
C26097	Carbon emissions trading should be limited. in favor of The national reduction of carbon emissions will pull the transformation of the entire national energy structure.	[0, 0, 0, 0, 0, 0, 0, 0, 1, 0, 0, 0, 0, 0, 0, 0, 0, 1, 0, 1]
C26034	We should protect our privacy in the Internet age. against Recording precise data of individuals can improve individual lives; recording huge data of groups can optimize resource allocation.	[0, 0, 0, 0, 1, 0, 0, 0, 1, 1, 0, 0, 0, 0, 0, 0, 0, 0, 0, 0]
C26010	We should give up developing electric vehicles in favor of Market orientation is difficult. In the absence of subsidies, no license restrictions and other policies, whether the sales of pure electric vehicles can still grow steadily is questionable.	[0, 0, 0, 0, 0, 0, 1, 0, 0, 0, 0, 0, 0, 0, 0, 0, 0, 0, 0, 1]
C26002	"We should abolish the 996 overtime system in favor of China's 996 overtime system leaves you with no room to learn and improve, forever trapped in a ""rat trap""."	[0, 0, 0, 0, 1, 0, 0, 0, 1, 0, 0, 0, 0, 0, 0, 0, 0, 0, 0, 0]
C26011	We should give up developing electric vehicles in favor of Power battery energy density is relatively low and stability is not high, the battery industry needs to break through the technical bottleneck or find cost-effective alternative products.	[0, 0, 0, 0, 1, 0, 0, 0, 0, 0, 0, 0, 0, 0, 0, 0, 0, 0, 0, 1]
C26099	Carbon emissions trading should be limited. in favor of Promoting global energy conservation and emission reduction can slow down the trend of China's low-end industries moving to third world countries, thus strengthening its position as a major manufacturing country.	[0, 0, 0, 0, 0, 1, 1, 0, 0, 1, 0, 0, 0, 0, 0, 0, 0, 0, 0, 0]
C26085	We should vigorously develop the countryside. in favor of The gap between urban and rural areas must be narrowed, or social conflicts will intensify.	[0, 0, 0, 0, 0, 0, 0, 0, 0, 1, 0, 0, 0, 0, 0, 0, 1, 0, 0, 0]
C26041	We should restrict minors from playing online games. against Ban them from playing games and they may indulge in short videos on Douyin.	[0, 1, 0, 0, 0, 0, 0, 0, 0, 0, 0, 0, 0, 0, 0, 0, 0, 0, 0, 0]
C26096	Carbon emissions trading should be limited. in favor of To reduce carbon emissions, first of all, the country will close many heavy polluting enterprises.	[0, 0, 0, 0, 0, 0, 0, 0, 0, 0, 0, 1, 0, 0, 0, 0, 0, 1, 0, 0]
C26030	We should protect our privacy in the Internet age. in favor of The leaked personal information will be defrauded by fraud gangs to gain trust and carry out fraudulent activities.	[0, 1, 0, 0, 0, 0, 0, 0, 0, 1, 0, 1, 0, 0, 0, 0, 0, 0, 0, 0]
C26064	We should prohibit capital monopoly. in favor of The greatest harm of monopoly lies in the destruction of competition, so that businesses no longer need to care about the feelings of consumers.	[0, 0, 0, 0, 0, 0, 0, 0, 0, 0, 0, 1, 0, 0, 0, 0, 1, 0, 0, 0]
C26079	We should ease the education involution. against With a still large graduate base, increasingly high thresholds can only be passed by the top achievers.	[0, 0, 0, 0, 1, 0, 0, 0, 0, 0, 0, 0, 0, 0, 0, 0, 0, 0, 0, 1]
C26098	Carbon emissions trading should be limited. against Setting tough standards on carbon emissions can suppress industrial upgrading in developing countries and prevent them from challenging the monopoly advantage of EU countries in high-end industries.	[0, 0, 0, 0, 1, 0, 1, 0, 0, 0, 0, 0, 0, 0, 0, 0, 0, 0, 0, 0]
C26009	We should give up developing electric vehicles in favor of The development of electric vehicle batteries is a highly polluting industry. Even the batteries will bring very serious pollution if they cannot be recycled.	[0, 0, 0, 0, 0, 0, 0, 0, 0, 0, 0, 0, 0, 0, 0, 0, 0, 1, 0, 0]
C26050	We should open up three-child policy to encourage childbirth. against Other measures such as subsidizing childbirth, reducing the cost of health care and education for the population, and protecting women more from the law and the workplace are more imminent.	[0, 0, 0, 0, 1, 0, 0, 0, 1, 0, 0, 0, 0, 0, 0, 0, 1, 0, 0, 1]
C26014	We should ban the trading of virtual currencies. in favor of Virtual currency is a money laundering channel for criminals.	[0, 0, 0, 0, 0, 0, 0, 0, 0, 0, 0, 1, 0, 0, 0, 0, 0, 0, 0, 0]
C26003	We should abolish the 996 overtime system against For the poor people, if they can go to the Internet factory, China's 996 overtime system is a blessing, twelve hours a day, six days a week, can also rest a day, quite good.	[0, 0, 0, 0, 1, 0, 0, 0, 1, 0, 0, 0, 0, 0, 0, 0, 0, 0, 0, 0]
C26016	We should ban the trading of virtual currencies. in favor of Virtual currency is not protected by contract law and property law in China.	[0, 0, 0, 0, 0, 0, 1, 0, 0, 1, 0, 0, 0, 0, 0, 0, 0, 0, 0, 0]
C26067	We should prevent the disorderly expansion of capital. in favor of Capital cannot be allowed to take advantage of the power of science and technology to form a monopoly in this particular field, allowing millions of hawkers to have their rice bowls taken away.	[0, 0, 0, 0, 0, 0, 0, 0, 1, 1, 0, 0, 0, 0, 0, 0, 0, 0, 0, 0]
C26056	We should prohibit capital monopoly. in favor of Capital monopoly hinders the efficient allocation of resources and causes waste of resources.	[0, 0, 0, 0, 1, 0, 1, 0, 0, 1, 0, 0, 0, 0, 0, 0, 0, 0, 0, 0]
C26008	We should give up developing electric vehicles against Electric cars are much cheaper to use than fuel cars over the life cycle of a car.	[0, 0, 0, 0, 1, 0, 1, 0, 1, 0, 0, 0, 0, 0, 0, 0, 0, 0, 0, 0]
C26040	We should restrict minors from playing online games. against Children's addiction to games may not be a problem of games in essence, but a comprehensive problem of family education, children's habits, hobby training and so on.	[0, 0, 0, 0, 1, 0, 0, 0, 0, 0, 0, 1, 0, 0, 1, 0, 0, 0, 0, 0]
C26017	We should ban the trading of virtual currencies. in favor of Digital currency not only cannot create foreign exchange, but also causes foreign exchange outflow	[0, 0, 0, 0, 0, 0, 1, 0, 0, 1, 0, 0, 0, 0, 0, 0, 0, 0, 0, 0]
C26087	We should vigorously develop the countryside. in favor of Unemployment and urbanization when combined are slums and instability, so the rural areas need to be allowed to absorb the unemployed.	[0, 0, 0, 0, 0, 0, 0, 0, 1, 1, 0, 0, 0, 0, 0, 0, 0, 0, 0, 1]
C26063	We should prohibit capital monopoly. against Monopolies can sometimes protect the public interest in infrastructure areas such as energy and transportation, which are vital to the livelihood of the nation.	[0, 0, 0, 0, 1, 0, 0, 0, 0, 1, 0, 0, 0, 0, 0, 1, 0, 0, 0, 0]
C26093	Carbon emissions trading should be limited. in favor of Climate change is a global issue facing mankind, and with carbon dioxide emissions from all countries, greenhouse gases are surging, posing a threat to life systems.	[0, 0, 0, 0, 0, 0, 0, 0, 0, 0, 0, 0, 0, 0, 0, 0, 0, 1, 0, 0]
C26092	Carbon emissions trading should be limited. against The main purpose of the World Climate Conference in Copenhagen was to curb the development of late-developing countries, especially China, and to limit the carbon emission rights of developing countries.	[0, 0, 0, 0, 0, 0, 0, 0, 0, 0, 0, 0, 0, 0, 0, 0, 1, 1, 0, 0]
C26057	We should prohibit capital monopoly. in favor of Capital monopolies distort market prices and undermine fair competition in the market.	[0, 0, 0, 0, 0, 0, 0, 0, 0, 0, 0, 0, 0, 0, 0, 0, 1, 0, 1, 0]
C26029	We should protect our privacy in the Internet age. in favor of In the era of IoT sharing economy, because of linking people and people, people and things, and things and things, the probability of the system being exploited and hacked is also increased.	[0, 0, 0, 0, 0, 0, 0, 0, 0, 1, 0, 0, 0, 0, 0, 0, 0, 0, 0, 0]
C26078	"We should ease the education involution. in favor of A society's value of education should not remain ""score-only"" and ""testing-only""."	[1, 0, 0, 0, 1, 0, 0, 0, 0, 0, 0, 0, 0, 0, 0, 0, 1, 0, 0, 1]
C26039	We should restrict minors from playing online games. in favor of Many teenagers in China use electronic devices to play games as the only entertainment after study. At the same time, the same kind of people in Europe and the United States choose more diverse ways.	[0, 0, 0, 1, 1, 0, 0, 0, 0, 0, 0, 1, 0, 0, 0, 0, 0, 0, 0, 0]
C26071	We should crack down on unreasonably high incomes. against If the key to an individual's standard of living does not lie in income, then it is useless to simply regulate income.	[0, 0, 0, 0, 0, 0, 0, 0, 1, 0, 0, 0, 0, 0, 0, 0, 1, 0, 0, 0]
C26021	We should ban the trading of virtual currencies. against Cryptocurrency can change the way of value transmission, that is, it can allow the uncontrolled flow of funds around the world.	[0, 0, 0, 0, 0, 0, 0, 0, 1, 0, 0, 0, 0, 0, 0, 0, 0, 0, 0, 1]
C26058	We should prohibit capital monopoly. in favor of Capital monopolies hinder technological progress and harm consumers' interests.	[0, 0, 0, 0, 0, 0, 0, 0, 1, 1, 0, 0, 0, 0, 0, 0, 1, 0, 0, 0]
C26032	We should protect our privacy in the Internet age. in favor of Extremely serious information asymmetry. It is difficult for individuals to know what information is being collected about them, who is collecting it, and what it is being used for.	[0, 1, 0, 0, 0, 0, 0, 0, 1, 0, 0, 0, 0, 0, 0, 0, 0, 0, 0, 0]
C26062	We should prohibit capital monopoly. against Monopoly profits are the driving force behind technological progress in areas that require significant investment in research and development.	[0, 0, 0, 0, 1, 0, 1, 0, 0, 0, 0, 0, 0, 0, 0, 0, 0, 0, 0, 0]
C26066	We should prevent the disorderly expansion of capital. in favor of Behind each hawker, there is a family at the grassroots of society to support, so that these vendors survive, to prevent the structural division of society between rich and poor.	[0, 0, 0, 0, 0, 0, 0, 0, 1, 1, 0, 0, 0, 0, 0, 0, 1, 0, 0, 0]
C26082	We should ease the education involution. in favor of Parents' overwhelming fear-dominated anxiety is the greatest enemy of education; the intent of education should be to make a person become a better version of himself.	[1, 0, 0, 0, 1, 0, 0, 0, 0, 0, 0, 0, 0, 0, 0, 0, 0, 0, 0, 0]
C26006	We should give up developing electric vehicles against The electric car is driven by an electric motor and has a direct maximum torque at start-up, which is faster than the fuel car power section.	[0, 0, 0, 0, 1, 0, 0, 0, 0, 0, 0, 0, 0, 0, 0, 0, 0, 0, 0, 1]
C26001	We should abolish the 996 overtime system in favor of China's 996 overtime system is very inefficient in enhancing your ability to make money. If you rely on 996 to make money, you are essentially making money by working hard, selling your body.	[0, 0, 0, 0, 1, 0, 1, 0, 1, 0, 0, 0, 0, 0, 0, 0, 0, 0, 0, 0]
C26083	We should ease the education involution. in favor of The overall test-taking ability of students has improved, but the top stream universities and other quality educational resources have not increased proportionally.	[0, 0, 0, 0, 1, 0, 0, 0, 0, 0, 0, 0, 0, 0, 0, 0, 0, 0, 0, 0]
C26043	We should restrict minors from playing online games. in favor of Students who do not learn well are more likely to indulge in games. They cannot find a sense of accomplishment in real life.	[0, 0, 0, 0, 1, 0, 0, 0, 1, 0, 0, 1, 0, 0, 0, 0, 0, 0, 0, 0]
C26076	We should crack down on unreasonably high incomes. against It is more important to raise the income of the lower class in the distribution system and to lower the cost of living of the lower and middle class than to fight against high income.	[0, 0, 0, 0, 1, 0, 1, 0, 1, 0, 0, 0, 0, 0, 0, 0, 0, 0, 0, 1]
C26073	We should crack down on unreasonably high incomes. in favor of The rich use the wealth in their hands to build a network of interests to continuously strengthen and consolidate their own interests. Blocking others' class upward path.	[0, 0, 0, 0, 0, 0, 0, 0, 1, 1, 0, 0, 0, 0, 0, 0, 1, 0, 0, 0]
C26023	We should ban the trading of virtual currencies. against Security, virtual currency is encrypted with high aspect ratio data, after the sale is created, it is always unlikely to carry out changes and forgeries.	[0, 0, 0, 0, 0, 0, 0, 0, 0, 0, 0, 0, 0, 0, 0, 0, 0, 0, 0, 1]
C26020	We should ban the trading of virtual currencies. against Virtual currencies have changed the way of commercial realization. The birth of virtual currency, the token system, is designed to overturn the current business logic.	[1, 0, 0, 0, 0, 0, 0, 0, 0, 0, 0, 0, 0, 0, 0, 0, 0, 0, 0, 0]
C26065	We should prevent the disorderly expansion of capital. in favor of Capital combined with Internet technology, using asymmetric advantages such uncontrolled expansion, snatching the rice bowls of small businessmen and vendors, has constituted a violation of the basic ethics of society.	[0, 0, 0, 0, 0, 0, 0, 0, 0, 0, 0, 0, 0, 0, 0, 0, 1, 0, 0, 0]
C26038	We should protect our privacy in the Internet age. against If the laws and regulations on privacy protection in one region or country are too stringent, it is likely to lead to the transfer of capital to another region or country.	[0, 0, 0, 0, 0, 0, 1, 0, 0, 0, 0, 0, 0, 0, 0, 0, 0, 0, 0, 0]
C26094	Carbon emissions trading should be limited. in favor of China's processing capacity is increasing, while carbon emissions are accelerating. The development of a low-carbon economy and the reshaping of the energy system have important security implications.	[0, 0, 0, 0, 0, 0, 0, 0, 0, 1, 0, 0, 0, 0, 0, 0, 0, 1, 0, 1]
C26077	We should crack down on unreasonably high incomes. against It is difficult to tax high income earners. After all, high income earners have many sources of income, tax avoidance means, really can not also immigrate. The ordinary middle class has a single source of income, which is basically wages, and is easily taxed.	[0, 0, 0, 0, 0, 0, 0, 0, 1, 0, 0, 0, 0, 1, 0, 0, 0, 0, 0, 1]
C26019	We should ban the trading of virtual currencies. in favor of Virtual currency creation does not provide commodities with corresponding value to the market.	[0, 0, 0, 0, 1, 0, 0, 0, 0, 0, 0, 0, 0, 0, 0, 0, 0, 0, 0, 1]
C26070	We should crack down on unreasonably high incomes. against Individuals cannot be sure that they can continue to have high incomes and that their industry can continue to guarantee high incomes for employees.	[0, 0, 0, 0, 1, 0, 0, 0, 1, 0, 0, 0, 0, 0, 0, 0, 0, 0, 0, 1]
C26005	We should abolish the 996 overtime system against Corporate management seeks to maximize profits, and China's 996 overtime system can reduce operating costs, especially labor costs.	[0, 0, 0, 0, 1, 0, 1, 0, 0, 0, 0, 0, 0, 0, 0, 0, 0, 0, 0, 0]
C26036	We should protect our privacy in the Internet age. in favor of Attackers can use their own security-aware enterprise users as a breakthrough to attack from the short end of the barrel, making other enterprise users of the same cloud platform equally dangerous.	[0, 0, 0, 0, 0, 0, 0, 0, 0, 1, 0, 1, 0, 0, 0, 0, 0, 0, 0, 0]
C26007	We should give up developing electric vehicles against The intelligence of electric cars is much higher than that of fuel cars.	[0, 0, 0, 0, 1, 0, 0, 0, 0, 0, 0, 0, 0, 0, 0, 0, 0, 0, 0, 1]
C26081	"We should ease the education involution. in favor of The most fundamental thing is to improve the basic educational literacy of parents and advocate the educational concept of ""how to be a good person is more important than success and happiness is more important than success""."	[0, 0, 0, 0, 1, 0, 0, 0, 1, 1, 0, 0, 1, 0, 1, 0, 0, 0, 0, 0]
C26053	We should open up three-child policy to encourage childbirth. against The people at the Health Planning Commission thought there would be a population explosion after opening up childbirth, but in reality people don't want to have children, whether you restrain them or not.	[0, 1, 0, 0, 0, 0, 0, 0, 0, 0, 0, 0, 0, 1, 1, 0, 0, 0, 0, 0]
C26100	Carbon emissions trading should be limited. in favor of China's active participation in carbon emissions trading will help to enhance the country's international image.	[0, 0, 0, 0, 0, 0, 0, 1, 0, 0, 0, 0, 0, 0, 0, 0, 0, 0, 0, 0]
C26080	We should ease the education involution. in favor of Parents play an important role in the education in-volume, and parents with insufficient determination can easily be held hostage by the general environment and bring anxiety to their children, causing a vicious cycle.	[0, 0, 0, 0, 1, 0, 0, 0, 1, 0, 0, 0, 0, 0, 1, 1, 0, 0, 0, 0]
C26037	We should protect our privacy in the Internet age. against The data provided by privacy can be used to analyze user preferences and needs, and can quickly learn about the shortcomings of the product, correspondingly update more business models, and help achieve business improvement. Help companies gain greater competitiveness.	[0, 0, 0, 0, 1, 0, 0, 0, 0, 0, 0, 0, 0, 0, 0, 0, 0, 0, 0, 1]
C26035	We should protect our privacy in the Internet age. in favor of In the event of a cloud data loss or data breach, the data cannot be recovered.	[0, 0, 0, 0, 0, 0, 0, 0, 0, 0, 0, 0, 0, 0, 0, 0, 0, 0, 0, 1]
C26075	We should crack down on unreasonably high incomes. in favor of The implementation of property taxes, taxes on the rich, capital gains taxes, asset transfer taxes, etc. The fundamental factor leading to the disparity between the rich and the poor in the past decades is not the pay gap, but the gap brought about by the growth of capital investment.	[0, 0, 0, 0, 0, 0, 0, 0, 0, 0, 0, 0, 0, 0, 0, 0, 1, 0, 0, 1]
C26054	We should open up three-child policy to encourage childbirth. in favor of China's population structure has gradually become aging and has become a burden for economic growth.	[0, 0, 0, 0, 1, 0, 1, 0, 0, 1, 0, 0, 0, 0, 0, 0, 0, 0, 0, 0]
C26031	We should protect our privacy in the Internet age. in favor of Most people have to rely on centralized information distribution and dissemination platforms to publish information. It is easy to control the output and control of ideology, social ideas and hotspots.	[0, 0, 0, 0, 0, 0, 0, 0, 0, 1, 0, 0, 0, 0, 0, 0, 0, 0, 0, 0]
C26022	We should ban the trading of virtual currencies. against The organizational structure brought about by the blockchain distributed technology replaces what a beautiful society this is. There is no corruption and it discards all the disadvantages of centralization.	[0, 0, 0, 0, 1, 0, 1, 0, 1, 1, 0, 0, 0, 0, 0, 0, 0, 0, 0, 0]
C26088	We should vigorously develop the countryside. against The future of the rural market will certainly be prosperous, but at present it is barren, and the risk of investing in business is still relatively high. This largely limits young people's footsteps.	[0, 0, 0, 0, 1, 0, 0, 0, 1, 1, 0, 0, 0, 0, 0, 0, 0, 0, 0, 0]
C26060	We should prohibit capital monopoly. in favor of The purpose of anti-monopoly is not to combat a few monopolies, but to oppose the abuse of monopoly.	[0, 1, 0, 0, 0, 0, 0, 0, 0, 0, 0, 1, 0, 0, 0, 0, 0, 0, 0, 0]
C26074	We should crack down on unreasonably high incomes. in favor of Regulate excessive income, consistent with common prosperity. Common prosperity is the prosperity of all the people, the people's material and spiritual life are rich, to promote common prosperity in stages.	[0, 0, 0, 0, 0, 0, 0, 0, 0, 1, 0, 0, 0, 0, 0, 0, 1, 0, 0, 0]
C26026	We should ban the trading of virtual currencies. against Virtual currency improves liquidity and improves the efficiency of economic and social commodity circulation.	[0, 0, 0, 0, 1, 0, 1, 0, 0, 0, 0, 0, 0, 0, 0, 0, 0, 0, 0, 0]
C26024	We should ban the trading of virtual currencies. against The total production is controllable and the virtual currency prevents hyperinflation.	[0, 0, 0, 0, 0, 0, 1, 0, 0, 1, 0, 0, 0, 0, 0, 0, 0, 0, 0, 0]
C26068	We should prevent the disorderly expansion of capital. in favor of The means by which the giants seized the market was essentially by selling below cost, which is unfair competition, and then using their monopoly position to raise prices, which is divorced from the intent of a market economy.	[0, 0, 0, 0, 0, 0, 0, 0, 1, 1, 0, 1, 0, 0, 0, 0, 1, 0, 0, 1]
C26027	We should ban the trading of virtual currencies. against Every transaction of virtual currency generated in the blockchain technology Internet cannot be forged, and it will not be manipulated by individuals, so it has a good anti-counterfeiting feature.	[0, 0, 0, 0, 0, 0, 1, 0, 0, 0, 0, 0, 0, 0, 0, 0, 0, 0, 0, 1]
C26047	We should restrict minors from playing online games. against Ban games for students and they will not go to play basketball, do sports or learn, but will only turn to more vulgar vulgarization more harmful forms of entertainment.	[1, 0, 0, 0, 1, 0, 0, 0, 0, 0, 0, 0, 0, 0, 0, 0, 0, 0, 0, 1]
C26069	We should crack down on unreasonably high incomes. in favor of Strengthen the regulation and adjustment of high income, protect legitimate income according to law, reasonably adjust excessive income, and encourage high-income people and enterprises to give more back to society.	[0, 0, 0, 0, 1, 0, 0, 0, 0, 0, 0, 1, 0, 1, 1, 0, 0, 0, 0, 0]
C26046	We should restrict minors from playing online games. against Putting all the blame on the game, demonizing the game, and putting the blame on society can ease parents' anxiety, but it does not help at all.	[0, 0, 0, 0, 0, 0, 0, 0, 0, 0, 0, 0, 0, 0, 1, 0, 0, 0, 0, 1]
C26055	We should open up three-child policy to encourage childbirth. in favor of Class entrenchment and the fading desire of youth to continue to struggle, youth believe that no amount of effort can keep up with the growth of housing prices	[0, 0, 0, 0, 0, 0, 0, 0, 1, 0, 0, 0, 0, 0, 0, 0, 1, 0, 0, 0]
C26025	We should ban the trading of virtual currencies. against Portable, because it is a virtual currency, so it is highly portable when it is bought and sold.	[0, 0, 0, 0, 1, 0, 0, 0, 0, 0, 0, 0, 0, 0, 0, 0, 0, 0, 0, 0]
C26012	We should give up developing electric vehicles in favor of The number of charging infrastructure construction is not enough.	[0, 0, 0, 0, 0, 0, 0, 0, 0, 0, 0, 0, 0, 0, 0, 0, 0, 0, 0, 1]
C26084	We should vigorously develop the countryside. in favor of The gap between rural and urban areas is getting bigger and bigger, and the result is that the countryside is deserted, a lot of land is barren, and China's arable land is decreasing.	[0, 0, 0, 0, 0, 0, 0, 0, 0, 0, 0, 0, 0, 0, 0, 0, 0, 1, 0, 0]
C26013	We should give up developing electric vehicles in favor of Low user confidence, low acceptance of new things, even from earlier scandalous events in the electric vehicles industry.	[0, 0, 0, 0, 0, 0, 0, 0, 0, 0, 0, 0, 0, 1, 0, 0, 0, 0, 0, 1]
C26018	We should ban the trading of virtual currencies. in favor of Virtual currency-related business activities are illegal financial activities, and the provision of services by overseas virtual currency exchanges to Chinese residents through the Internet is also illegal financial activities.	[0, 0, 0, 0, 0, 0, 0, 0, 0, 0, 0, 1, 0, 0, 0, 0, 0, 0, 0, 0]
C26033	We should protect our privacy in the Internet age. in favor of You can barely recover privacy. It's hard to imagine what companies do with personal information, including who they actually sell it to.	[0, 1, 0, 0, 0, 0, 0, 0, 0, 0, 0, 1, 0, 0, 0, 0, 1, 0, 0, 0]
C26086	We should vigorously develop the countryside. against The city is full of opportunities, it gives outworkers prosperity and convenience, and everyone can live in the city with their own power, and even gradually gain a foothold in the city.	[0, 1, 0, 0, 0, 0, 0, 0, 0, 0, 0, 0, 0, 0, 0, 0, 0, 0, 0, 0]
C26049	We should open up three-child policy to encourage childbirth. against What people want is the right and freedom to be able to plan their own children.	[0, 1, 0, 0, 0, 0, 0, 0, 0, 0, 0, 0, 0, 0, 1, 0, 0, 0, 0, 0]
C26091	Carbon emissions trading should be limited. against Since China's reform and opening up, its economy has developed rapidly, and Western countries have taken advantage of the warming climate to limit the issue of carbon emission rights in order to delay China's development.	[0, 0, 0, 0, 1, 0, 1, 0, 0, 0, 0, 0, 0, 0, 0, 0, 0, 0, 0, 0]
C26048	We should open up three-child policy to encourage childbirth. against To solve the fertility problem in the long term, we need to start at the source: for example, giving young people less pressure to work, regulating and stabilizing housing prices and so on.	[0, 0, 0, 0, 0, 0, 0, 0, 1, 1, 0, 0, 0, 0, 1, 0, 0, 0, 1, 0]
C26089	We should vigorously develop the countryside. in favor of In this field of food we can not be subject to others, even if imported food is cheaper, we can not rely on imports, but to vigorously develop our own level of agriculturalization.	[0, 1, 0, 0, 0, 0, 0, 0, 0, 1, 0, 0, 0, 0, 0, 0, 0, 0, 0, 0]
