Argument ID	Text	Labels
C26003	We should abolish the 996 overtime system against For the poor people, if they can go to the Internet factory, China's 996 overtime system is a blessing, twelve hours a day, six days a week, can also rest a day, quite good.	[0, 0, 0, 0, 1, 0, 0, 0, 1, 0, 0, 0, 0, 0, 0, 0, 0, 0, 0, 0]
C26005	We should abolish the 996 overtime system against Corporate management seeks to maximize profits, and China's 996 overtime system can reduce operating costs, especially labor costs.	[0, 0, 0, 0, 1, 0, 1, 0, 0, 0, 0, 0, 0, 0, 0, 0, 0, 0, 0, 0]
C26006	We should give up developing electric vehicles against The electric car is driven by an electric motor and has a direct maximum torque at start-up, which is faster than the fuel car power section.	[0, 0, 0, 0, 1, 0, 0, 0, 0, 0, 0, 0, 0, 0, 0, 0, 0, 0, 0, 1]
C26007	We should give up developing electric vehicles against The intelligence of electric cars is much higher than that of fuel cars.	[0, 0, 0, 0, 1, 0, 0, 0, 0, 0, 0, 0, 0, 0, 0, 0, 0, 0, 0, 1]
C26008	We should give up developing electric vehicles against Electric cars are much cheaper to use than fuel cars over the life cycle of a car.	[0, 0, 0, 0, 1, 0, 1, 0, 1, 0, 0, 0, 0, 0, 0, 0, 0, 0, 0, 0]
C26020	We should ban the trading of virtual currencies. against Virtual currencies have changed the way of commercial realization. The birth of virtual currency, the token system, is designed to overturn the current business logic.	[1, 0, 0, 0, 0, 0, 0, 0, 0, 0, 0, 0, 0, 0, 0, 0, 0, 0, 0, 0]
C26021	We should ban the trading of virtual currencies. against Cryptocurrency can change the way of value transmission, that is, it can allow the uncontrolled flow of funds around the world.	[0, 0, 0, 0, 0, 0, 0, 0, 1, 0, 0, 0, 0, 0, 0, 0, 0, 0, 0, 1]
C26022	We should ban the trading of virtual currencies. against The organizational structure brought about by the blockchain distributed technology replaces what a beautiful society this is. There is no corruption and it discards all the disadvantages of centralization.	[0, 0, 0, 0, 1, 0, 1, 0, 1, 1, 0, 0, 0, 0, 0, 0, 0, 0, 0, 0]
C26023	We should ban the trading of virtual currencies. against Security, virtual currency is encrypted with high aspect ratio data, after the sale is created, it is always unlikely to carry out changes and forgeries.	[0, 0, 0, 0, 0, 0, 0, 0, 0, 0, 0, 0, 0, 0, 0, 0, 0, 0, 0, 1]
C26024	We should ban the trading of virtual currencies. against The total production is controllable and the virtual currency prevents hyperinflation.	[0, 0, 0, 0, 0, 0, 1, 0, 0, 1, 0, 0, 0, 0, 0, 0, 0, 0, 0, 0]
C26025	We should ban the trading of virtual currencies. against Portable, because it is a virtual currency, so it is highly portable when it is bought and sold.	[0, 0, 0, 0, 1, 0, 0, 0, 0, 0, 0, 0, 0, 0, 0, 0, 0, 0, 0, 0]
C26026	We should ban the trading of virtual currencies. against Virtual currency improves liquidity and improves the efficiency of economic and social commodity circulation.	[0, 0, 0, 0, 1, 0, 1, 0, 0, 0, 0, 0, 0, 0, 0, 0, 0, 0, 0, 0]
C26027	We should ban the trading of virtual currencies. against Every transaction of virtual currency generated in the blockchain technology Internet cannot be forged, and it will not be manipulated by individuals, so it has a good anti-counterfeiting feature.	[0, 0, 0, 0, 0, 0, 1, 0, 0, 0, 0, 0, 0, 0, 0, 0, 0, 0, 0, 1]
C26028	We should ban the trading of virtual currencies. against The trading of virtual currency is secretly named, so as to ensure the privacy protection of his own information content and data information, prevent the leakage of his own data, and improve the safety factor of the system software.	[0, 1, 0, 0, 0, 0, 0, 0, 0, 0, 0, 0, 0, 0, 0, 0, 0, 0, 0, 0]
C26034	We should protect our privacy in the Internet age. against Recording precise data of individuals can improve individual lives; recording huge data of groups can optimize resource allocation.	[0, 0, 0, 0, 1, 0, 0, 0, 1, 1, 0, 0, 0, 0, 0, 0, 0, 0, 0, 0]
C26037	We should protect our privacy in the Internet age. against The data provided by privacy can be used to analyze user preferences and needs, and can quickly learn about the shortcomings of the product, correspondingly update more business models, and help achieve business improvement. Help companies gain greater competitiveness.	[0, 0, 0, 0, 1, 0, 0, 0, 0, 0, 0, 0, 0, 0, 0, 0, 0, 0, 0, 1]
C26038	We should protect our privacy in the Internet age. against If the laws and regulations on privacy protection in one region or country are too stringent, it is likely to lead to the transfer of capital to another region or country.	[0, 0, 0, 0, 0, 0, 1, 0, 0, 0, 0, 0, 0, 0, 0, 0, 0, 0, 0, 0]
C26040	We should restrict minors from playing online games. against Children's addiction to games may not be a problem of games in essence, but a comprehensive problem of family education, children's habits, hobby training and so on.	[0, 0, 0, 0, 1, 0, 0, 0, 0, 0, 0, 1, 0, 0, 1, 0, 0, 0, 0, 0]
C26041	We should restrict minors from playing online games. against Ban them from playing games and they may indulge in short videos on Douyin.	[0, 1, 0, 0, 0, 0, 0, 0, 0, 0, 0, 0, 0, 0, 0, 0, 0, 0, 0, 0]
C26042	We should restrict minors from playing online games. against Instead of banning games, it might be better to increase young people's awareness of life and society, and to promote self-awareness and active thinking among students.	[1, 0, 0, 0, 1, 0, 0, 0, 0, 0, 0, 0, 0, 0, 1, 0, 0, 0, 0, 0]
C26044	We should restrict minors from playing online games. against Rather than restricting minors to play games, parents should set a good example and spend more time with their children.	[0, 0, 0, 1, 0, 0, 0, 0, 0, 0, 0, 0, 0, 0, 1, 0, 0, 0, 0, 0]
C26046	We should restrict minors from playing online games. against Putting all the blame on the game, demonizing the game, and putting the blame on society can ease parents' anxiety, but it does not help at all.	[0, 0, 0, 0, 0, 0, 0, 0, 0, 0, 0, 0, 0, 0, 1, 0, 0, 0, 0, 1]
C26047	We should restrict minors from playing online games. against Ban games for students and they will not go to play basketball, do sports or learn, but will only turn to more vulgar vulgarization more harmful forms of entertainment.	[1, 0, 0, 0, 1, 0, 0, 0, 0, 0, 0, 0, 0, 0, 0, 0, 0, 0, 0, 1]
C26048	We should open up three-child policy to encourage childbirth. against To solve the fertility problem in the long term, we need to start at the source: for example, giving young people less pressure to work, regulating and stabilizing housing prices and so on.	[0, 0, 0, 0, 0, 0, 0, 0, 1, 1, 0, 0, 0, 0, 1, 0, 0, 0, 1, 0]
C26049	We should open up three-child policy to encourage childbirth. against What people want is the right and freedom to be able to plan their own children.	[0, 1, 0, 0, 0, 0, 0, 0, 0, 0, 0, 0, 0, 0, 1, 0, 0, 0, 0, 0]
C26050	We should open up three-child policy to encourage childbirth. against Other measures such as subsidizing childbirth, reducing the cost of health care and education for the population, and protecting women more from the law and the workplace are more imminent.	[0, 0, 0, 0, 1, 0, 0, 0, 1, 0, 0, 0, 0, 0, 0, 0, 1, 0, 0, 1]
C26051	We should open up three-child policy to encourage childbirth. against No matter what the social policy is, the more the society develops, the more free people are, and the more independent women are. The decline in fertility is an inevitable trend.	[0, 1, 0, 0, 0, 0, 0, 0, 0, 1, 0, 0, 0, 0, 1, 0, 1, 0, 0, 0]
C26053	We should open up three-child policy to encourage childbirth. against The people at the Health Planning Commission thought there would be a population explosion after opening up childbirth, but in reality people don't want to have children, whether you restrain them or not.	[0, 1, 0, 0, 0, 0, 0, 0, 0, 0, 0, 0, 0, 1, 1, 0, 0, 0, 0, 0]
C26062	We should prohibit capital monopoly. against Monopoly profits are the driving force behind technological progress in areas that require significant investment in research and development.	[0, 0, 0, 0, 1, 0, 1, 0, 0, 0, 0, 0, 0, 0, 0, 0, 0, 0, 0, 0]
C26063	We should prohibit capital monopoly. against Monopolies can sometimes protect the public interest in infrastructure areas such as energy and transportation, which are vital to the livelihood of the nation.	[0, 0, 0, 0, 1, 0, 0, 0, 0, 1, 0, 0, 0, 0, 0, 1, 0, 0, 0, 0]
C26070	We should crack down on unreasonably high incomes. against Individuals cannot be sure that they can continue to have high incomes and that their industry can continue to guarantee high incomes for employees.	[0, 0, 0, 0, 1, 0, 0, 0, 1, 0, 0, 0, 0, 0, 0, 0, 0, 0, 0, 1]
C26071	We should crack down on unreasonably high incomes. against If the key to an individual's standard of living does not lie in income, then it is useless to simply regulate income.	[0, 0, 0, 0, 0, 0, 0, 0, 1, 0, 0, 0, 0, 0, 0, 0, 1, 0, 0, 0]
C26076	We should crack down on unreasonably high incomes. against It is more important to raise the income of the lower class in the distribution system and to lower the cost of living of the lower and middle class than to fight against high income.	[0, 0, 0, 0, 1, 0, 1, 0, 1, 0, 0, 0, 0, 0, 0, 0, 0, 0, 0, 1]
C26077	We should crack down on unreasonably high incomes. against It is difficult to tax high income earners. After all, high income earners have many sources of income, tax avoidance means, really can not also immigrate. The ordinary middle class has a single source of income, which is basically wages, and is easily taxed.	[0, 0, 0, 0, 0, 0, 0, 0, 1, 0, 0, 0, 0, 1, 0, 0, 0, 0, 0, 1]
C26079	We should ease the education involution. against With a still large graduate base, increasingly high thresholds can only be passed by the top achievers.	[0, 0, 0, 0, 1, 0, 0, 0, 0, 0, 0, 0, 0, 0, 0, 0, 0, 0, 0, 1]
C26086	We should vigorously develop the countryside. against The city is full of opportunities, it gives outworkers prosperity and convenience, and everyone can live in the city with their own power, and even gradually gain a foothold in the city.	[0, 1, 0, 0, 0, 0, 0, 0, 0, 0, 0, 0, 0, 0, 0, 0, 0, 0, 0, 0]
C26088	We should vigorously develop the countryside. against The future of the rural market will certainly be prosperous, but at present it is barren, and the risk of investing in business is still relatively high. This largely limits young people's footsteps.	[0, 0, 0, 0, 1, 0, 0, 0, 1, 1, 0, 0, 0, 0, 0, 0, 0, 0, 0, 0]
C26091	Carbon emissions trading should be limited. against Since China's reform and opening up, its economy has developed rapidly, and Western countries have taken advantage of the warming climate to limit the issue of carbon emission rights in order to delay China's development.	[0, 0, 0, 0, 1, 0, 1, 0, 0, 0, 0, 0, 0, 0, 0, 0, 0, 0, 0, 0]
C26092	Carbon emissions trading should be limited. against The main purpose of the World Climate Conference in Copenhagen was to curb the development of late-developing countries, especially China, and to limit the carbon emission rights of developing countries.	[0, 0, 0, 0, 0, 0, 0, 0, 0, 0, 0, 0, 0, 0, 0, 0, 1, 1, 0, 0]
C26095	Carbon emissions trading should be limited. against No one can stop global warming, which is inherently part of the Earth's geological cycle. That's why topics such as reducing CO2 emissions are a false proposition.	[0, 0, 0, 0, 0, 0, 0, 0, 0, 0, 0, 0, 0, 1, 0, 0, 0, 0, 0, 1]
C26098	Carbon emissions trading should be limited. against Setting tough standards on carbon emissions can suppress industrial upgrading in developing countries and prevent them from challenging the monopoly advantage of EU countries in high-end industries.	[0, 0, 0, 0, 1, 0, 1, 0, 0, 0, 0, 0, 0, 0, 0, 0, 0, 0, 0, 0]
